Customer_ID,Customer_First_Name,Customer_Last_Name,Customer_Email_Address,Customer_Phone_Number,Customer_Street_Address,Customer_City,Customer_State,Customer_Zip
10001,Goraud,Sharpe,gsharpe0@japanpost.jp,(303) 8018142,4710 Corscot Place,Littleton,CO,80126
10002,Ronny,Lawey,rlawey1@weather.com,(302) 2977840,99363 Kenwood Parkway,Wilmington,DE,19886
10003,Drucy,McGillecole,dmcgillecole2@hc360.com,(414) 2892128,5114 Paget Lane,Milwaukee,WI,53263
10004,Jewell,Giff,jgiff3@mlb.com,(205) 9020053,984 Maple Terrace,Birmingham,AL,35290
10005,Hallie,Basili,hbasili4@walmart.com,(240) 4076537,5438 Fisk Junction,Silver Spring,MD,20918
10006,Cordie,Scotfurth,cscotfurth5@usnews.com,(713) 4356930,3 La Follette Junction,Pasadena,TX,77505